"","genotype","celltype","replicate","samplemeans","age_in_days"
"sample1","Wt","typeA",1,10.2661021012543,40
"sample2","Wt","typeA",2,10.849759056832,32
"sample3","Wt","typeA",3,9.45251675773249,38
"sample4","KO","typeA",1,15.8338719035141,35
"sample5","KO","typeA",2,15.590184400502,41
"sample6","KO","typeA",3,15.5515290724971,32
"sample7","Wt","typeB",1,15.5222187876232,34
"sample8","Wt","typeB",2,13.8082805694713,26
"sample9","Wt","typeB",3,14.1083992182043,28
"sample10","KO","typeB",1,10.7432920099742,28
"sample11","KO","typeB",2,10.7783183243052,30
"sample12","KO","typeB",3,9.75473298246438,32
